,id,timestamp,prob,type
0,FR.CIEL.00,2024-03-02 06:28:34.500000,0.11846143,p
1,FR.CIEL.00,2024-03-02 06:29:03.540000,0.48332328,p
2,FR.CIEL.00,2024-03-02 06:29:08.280000,0.2493432,s
3,FR.CIEL.00,2024-03-02 06:29:55.380000,0.21892717,p
4,FR.CIEL.00,2024-03-02 06:30:22.480000,0.17860398,s
5,FR.CIEL.00,2024-03-02 06:30:22.450000,0.43451184,p
6,FR.CIEL.00,2024-03-02 06:30:27.940000,0.52268356,s
7,FR.CIEL.00,2024-03-02 06:30:55.200000,0.65446717,p
8,FR.CIEL.00,2024-03-02 06:31:00.270000,0.4160823,p
9,FR.CIEL.00,2024-03-02 06:31:00.460000,0.32066956,s
10,FR.CIEL.00,2024-03-02 06:31:04.180000,0.15455262,s
11,FR.CIEL.00,2024-03-02 06:31:17.280000,0.71547973,p
12,FR.CIEL.00,2024-03-02 06:31:22.910000,0.28798723,s
13,FR.CIEL.00,2024-03-02 06:31:24.400000,0.19793697,s
14,FR.CIEL.00,2024-03-02 06:31:51.250000,0.14172284,p
15,FR.CIEL.00,2024-03-02 06:31:53.100000,0.107478485,p
16,FR.SZBH.02,2024-03-02 06:28:48.260000,0.22402757,p
17,FR.SZBH.02,2024-03-02 06:28:51.120000,0.13056718,p
18,FR.SZBH.02,2024-03-02 06:28:52.590000,0.19186392,s
19,FR.SZBH.02,2024-03-02 06:29:09.630000,0.18060987,p
20,FR.SZBH.02,2024-03-02 06:29:24.090000,0.113309175,p
21,FR.SZBH.02,2024-03-02 06:29:43.890000,0.12412407,s
22,FR.SZBH.02,2024-03-02 06:30:00.110000,0.10880966,p
23,FR.SZBH.02,2024-03-02 06:30:08.760000,0.17694458,p
24,FR.SZBH.02,2024-03-02 06:30:10.730000,0.119263485,s
25,FR.SZBH.02,2024-03-02 06:30:16.510000,0.8153341,p
26,FR.SZBH.02,2024-03-02 06:30:17.820000,0.912746,s
27,FR.SZBH.02,2024-03-02 06:30:22.570000,0.69237,p
28,FR.SZBH.02,2024-03-02 06:30:24.060000,0.84519756,s
29,FR.SZBH.02,2024-03-02 06:30:31.330000,0.38018063,p
30,FR.SZBH.02,2024-03-02 06:30:32.650000,0.7766229,s
31,FR.SZBH.02,2024-03-02 06:30:36.390000,0.1626945,p
32,FR.SZBH.02,2024-03-02 06:30:37.540000,0.113698244,s
33,FR.SZBH.02,2024-03-02 06:30:37.990000,0.11481223,s
34,FR.SZBH.02,2024-03-02 06:30:39.340000,0.8099989,p
35,FR.SZBH.02,2024-03-02 06:30:40.630000,0.9141599,s
36,FR.SZBH.02,2024-03-02 06:30:49.210000,0.91745,p
37,FR.SZBH.02,2024-03-02 06:30:49.930000,0.14485599,s
38,FR.SZBH.02,2024-03-02 06:30:50.550000,0.85697395,s
39,FR.SZBH.02,2024-03-02 06:30:53.370000,0.11913226,p
40,FR.SZBH.02,2024-03-02 06:30:54.370000,0.7729736,p
41,FR.SZBH.02,2024-03-02 06:30:55.010000,0.106505364,s
42,FR.SZBH.02,2024-03-02 06:30:55.640000,0.88768876,s
43,FR.SZBH.02,2024-03-02 06:31:00.000000,0.54813856,p
44,FR.SZBH.02,2024-03-02 06:31:01.740000,0.7467736,s
45,FR.SZBH.02,2024-03-02 06:31:03.550000,0.4201032,p
46,FR.SZBH.02,2024-03-02 06:31:04.980000,0.35623473,s
47,FR.SZBH.02,2024-03-02 06:31:11.290000,0.85253745,p
48,FR.SZBH.02,2024-03-02 06:31:12.650000,0.92963016,s
49,FR.SZBH.02,2024-03-02 06:31:21.970000,0.12560265,s
50,FR.SZBH.02,2024-03-02 06:31:32.180000,0.7577284,p
51,FR.SZBH.02,2024-03-02 06:31:33.440000,0.91813457,s
52,FR.SZBH.02,2024-03-02 06:31:37.300000,0.13663635,s
53,FR.SZBH.02,2024-03-02 06:32:08.530000,0.18599224,s
54,FR.SZBH.02,2024-03-02 06:32:17.690000,0.31062603,p
55,FR.SZBH.02,2024-03-02 06:32:18.890000,0.91206557,s
56,FR.SZBH.02,2024-03-02 06:32:33.620000,0.30323923,p
57,FR.SZBH.02,2024-03-02 06:32:36.240000,0.13230665,s
58,FR.SZBH.02,2024-03-02 06:32:38.820000,0.17024504,s
59,FR.SZBH.02,2024-03-02 06:32:43.690000,0.16931747,s
60,FR.SZBH.02,2024-03-02 06:32:47.220000,0.8654217,p
61,FR.SZBH.02,2024-03-02 06:32:47.840000,0.19081761,p
62,FR.SZBH.02,2024-03-02 06:32:48.630000,0.94549924,s
63,FR.SZBH.02,2024-03-02 06:32:49.570000,0.36115825,p
64,FR.SZBH.02,2024-03-02 06:32:51.140000,0.6594692,s
65,FR.SZBH.02,2024-03-02 06:32:56.640000,0.30099332,p
66,FR.LEMB.00,2024-03-02 06:28:38.910000,0.1110467,p
67,FR.LEMB.00,2024-03-02 06:29:21.240000,0.14417233,p
68,FR.LEMB.00,2024-03-02 06:30:18.510000,0.28908008,p
69,FR.LEMB.00,2024-03-02 06:30:21.260000,0.7916782,s
70,FR.LEMB.00,2024-03-02 06:30:43.990000,0.24728858,p
71,FR.LEMB.00,2024-03-02 06:30:51.340000,0.37017617,p
72,FR.LEMB.00,2024-03-02 06:30:53.930000,0.3526301,s
73,FR.LEMB.00,2024-03-02 06:30:53.920000,0.2983738,p
74,FR.LEMB.00,2024-03-02 06:30:59.020000,0.27936152,s
75,FR.LEMB.00,2024-03-02 06:31:13.330000,0.7795729,p
76,FR.LEMB.00,2024-03-02 06:31:16.070000,0.74723506,s
77,FR.LEMB.00,2024-03-02 06:31:36.900000,0.115943626,p
78,FR.LEMB.00,2024-03-02 06:31:48.410000,0.17890045,p
79,FR.LEMB.00,2024-03-02 06:31:49.610000,0.1012559,p
80,FR.LEMB.00,2024-03-02 06:31:53.550000,0.29943377,p
81,FR.LEMB.00,2024-03-02 06:32:20.480000,0.13938618,p
82,FR.LEMB.00,2024-03-02 06:32:21.450000,0.17240682,p
83,FR.LEMB.00,2024-03-02 06:32:21.910000,0.12482268,s
84,FR.LEMB.00,2024-03-02 06:32:49.360000,0.8339824,p
85,FR.LEMB.00,2024-03-02 06:32:52.080000,0.75570214,s
86,FR.LEMB.00,2024-03-02 06:32:54.520000,0.19179857,s
87,FR.HOHE.00,2024-03-02 06:28:19.180000,0.17068936,p
88,FR.HOHE.00,2024-03-02 06:28:39.120000,0.23529595,p
89,FR.HOHE.00,2024-03-02 06:28:43.900000,0.115018785,p
90,FR.HOHE.00,2024-03-02 06:29:35.470000,0.15386213,p
91,FR.HOHE.00,2024-03-02 06:29:36.810000,0.11089316,p
92,FR.HOHE.00,2024-03-02 06:29:53.550000,0.14569367,p
93,FR.HOHE.00,2024-03-02 06:30:22.480000,0.5674082,p
94,FR.HOHE.00,2024-03-02 06:30:27.900000,0.35838437,s
95,FR.HOHE.00,2024-03-02 06:30:51.000000,0.10459553,s
96,FR.HOHE.00,2024-03-02 06:30:51.200000,0.26229978,p
97,FR.HOHE.00,2024-03-02 06:31:00.620000,0.34607425,s
98,FR.HOHE.00,2024-03-02 06:31:00.480000,0.24440067,p
99,FR.HOHE.00,2024-03-02 06:31:17.540000,0.39920807,p
100,FR.HOHE.00,2024-03-02 06:31:19.610000,0.13246514,p
101,FR.HOHE.00,2024-03-02 06:31:20.480000,0.13302486,p
102,FR.HOHE.00,2024-03-02 06:31:22.970000,0.27573347,s
103,FR.HOHE.00,2024-03-02 06:31:23.050000,0.23327582,p
104,FR.HOHE.00,2024-03-02 06:31:37.430000,0.1395432,p
105,FR.HOHE.00,2024-03-02 06:31:38.230000,0.11429828,p
106,FR.HOHE.00,2024-03-02 06:32:06.090000,0.13573876,p
107,FR.HOHE.00,2024-03-02 06:32:53.470000,0.30165815,p
108,FO.BETS.00,2024-03-02 06:30:00.430000,0.13851109,p
109,FO.BETS.00,2024-03-02 06:30:01.100000,0.27780265,s
110,FO.BETS.00,2024-03-02 06:30:14.760000,0.8027599,p
111,FO.BETS.00,2024-03-02 06:30:15.000000,0.17042042,s
112,FO.BETS.00,2024-03-02 06:30:15.570000,0.7358023,p
113,FO.BETS.00,2024-03-02 06:30:15.730000,0.3522542,s
114,FO.BETS.00,2024-03-02 06:30:16.460000,0.9571572,s
115,FO.BETS.00,2024-03-02 06:30:19.680000,0.5117044,s
116,FO.BETS.00,2024-03-02 06:30:21.840000,0.95029217,p
117,FO.BETS.00,2024-03-02 06:30:22.710000,0.9356696,s
118,FO.BETS.00,2024-03-02 06:30:29.900000,0.1013081,p
119,FO.BETS.00,2024-03-02 06:30:30.400000,0.9537061,p
120,FO.BETS.00,2024-03-02 06:30:31.280000,0.90966254,s
121,FO.BETS.00,2024-03-02 06:30:35.750000,0.9051211,p
122,FO.BETS.00,2024-03-02 06:30:36.630000,0.80251473,s
123,FO.BETS.00,2024-03-02 06:30:38.380000,0.9682587,p
124,FO.BETS.00,2024-03-02 06:30:39.290000,0.93287873,s
125,FO.BETS.00,2024-03-02 06:30:41.020000,0.75785315,p
126,FO.BETS.00,2024-03-02 06:30:41.810000,0.39289957,s
127,FO.BETS.00,2024-03-02 06:30:47.290000,0.88017285,p
128,FO.BETS.00,2024-03-02 06:30:47.720000,0.70711136,s
129,FO.BETS.00,2024-03-02 06:30:48.360000,0.9539386,p
130,FO.BETS.00,2024-03-02 06:30:48.750000,0.27133986,s
131,FO.BETS.00,2024-03-02 06:30:49.250000,0.96460086,s
132,FO.BETS.00,2024-03-02 06:30:53.410000,0.9729648,p
133,FO.BETS.00,2024-03-02 06:30:54.280000,0.95675766,s
134,FO.BETS.00,2024-03-02 06:30:59.500000,0.9367812,p
135,FO.BETS.00,2024-03-02 06:31:00.360000,0.9041924,s
136,FO.BETS.00,2024-03-02 06:31:01.150000,0.5468008,p
137,FO.BETS.00,2024-03-02 06:31:02.000000,0.7960784,s
138,FO.BETS.00,2024-03-02 06:31:02.710000,0.54725564,p
139,FO.BETS.00,2024-03-02 06:31:03.590000,0.6054987,s
140,FO.BETS.00,2024-03-02 06:31:07.500000,0.8803262,p
141,FO.BETS.00,2024-03-02 06:31:08.410000,0.8027747,s
142,FO.BETS.00,2024-03-02 06:31:10.400000,0.9768645,p
143,FO.BETS.00,2024-03-02 06:31:11.260000,0.970501,s
144,FO.BETS.00,2024-03-02 06:31:19.740000,0.8107476,p
145,FO.BETS.00,2024-03-02 06:31:20.590000,0.8768296,s
146,FO.BETS.00,2024-03-02 06:31:31.200000,0.9735076,p
147,FO.BETS.00,2024-03-02 06:31:32.080000,0.9623793,s
148,FO.BETS.00,2024-03-02 06:31:47.830000,0.97595394,p
149,FO.BETS.00,2024-03-02 06:31:48.710000,0.94723487,s
150,FO.BETS.00,2024-03-02 06:31:49.960000,0.86486405,p
151,FO.BETS.00,2024-03-02 06:31:50.830000,0.9197451,s
152,FO.BETS.00,2024-03-02 06:31:54.530000,0.96011275,p
153,FO.BETS.00,2024-03-02 06:31:55.400000,0.96125114,s
154,FO.BETS.00,2024-03-02 06:32:04.800000,0.84666777,p
155,FO.BETS.00,2024-03-02 06:32:05.590000,0.70063585,s
156,FO.BETS.00,2024-03-02 06:32:06.230000,0.91222066,p
157,FO.BETS.00,2024-03-02 06:32:07.080000,0.92358536,s
158,FO.BETS.00,2024-03-02 06:32:10.140000,0.8839097,p
159,FO.BETS.00,2024-03-02 06:32:11.000000,0.8794024,s
160,FO.BETS.00,2024-03-02 06:32:15.700000,0.88929504,p
161,FO.BETS.00,2024-03-02 06:32:16.190000,0.35008216,s
162,FO.BETS.00,2024-03-02 06:32:16.650000,0.865066,p
163,FO.BETS.00,2024-03-02 06:32:17.520000,0.95007753,s
164,FO.BETS.00,2024-03-02 06:32:20.980000,0.7384709,p
165,FO.BETS.00,2024-03-02 06:32:21.840000,0.74810845,s
166,FO.BETS.00,2024-03-02 06:32:22.480000,0.41405642,p
167,FO.BETS.00,2024-03-02 06:32:23.240000,0.27109814,s
168,FO.BETS.00,2024-03-02 06:32:29.390000,0.87773913,p
169,FO.BETS.00,2024-03-02 06:32:29.850000,0.61415297,s
170,FO.BETS.00,2024-03-02 06:32:38.120000,0.9013954,p
171,FO.BETS.00,2024-03-02 06:32:38.980000,0.9016005,s
172,FO.BETS.00,2024-03-02 06:32:39.910000,0.16490757,p
173,FO.BETS.00,2024-03-02 06:32:40.470000,0.10126113,s
174,FO.BETS.00,2024-03-02 06:32:42.860000,0.85468054,p
175,FO.BETS.00,2024-03-02 06:32:43.720000,0.7690814,s
176,FO.BETS.00,2024-03-02 06:32:46.350000,0.97645843,p
177,FO.BETS.00,2024-03-02 06:32:46.690000,0.13071509,s
178,FO.BETS.00,2024-03-02 06:32:47.210000,0.9571084,s
179,FO.BETS.00,2024-03-02 06:32:47.580000,0.15723623,p
180,FO.BETS.00,2024-03-02 06:32:48.900000,0.9632689,p
181,FO.BETS.00,2024-03-02 06:32:49.260000,0.18708052,s
182,FO.BETS.00,2024-03-02 06:32:49.780000,0.9265484,s
183,FO.BETS.00,2024-03-02 06:32:53.560000,0.8295679,p
184,FO.BETS.00,2024-03-02 06:32:54.000000,0.36421993,s
185,FO.BETS.00,2024-03-02 06:32:54.690000,0.86358374,p
186,FO.BETS.00,2024-03-02 06:32:55.560000,0.74257517,s
187,FO.BETS.00,2024-03-02 06:32:55.730000,0.12955846,p
188,FO.BETS.00,2024-03-02 06:32:56.660000,0.17478043,s
189,RG.RITT.00,2024-03-02 06:30:13.799538,0.14166652,p
190,RG.RITT.00,2024-03-02 06:30:15.099538,0.815087,p
191,RG.RITT.00,2024-03-02 06:30:15.859538,0.32249606,s
192,RG.RITT.00,2024-03-02 06:30:15.689538,0.5924407,p
193,RG.RITT.00,2024-03-02 06:30:16.799538,0.9186425,s
194,RG.RITT.00,2024-03-02 06:30:17.059538,0.14201419,p
195,RG.RITT.00,2024-03-02 06:30:20.019538,0.116962865,s
196,RG.RITT.00,2024-03-02 06:30:21.969538,0.86736923,p
197,RG.RITT.00,2024-03-02 06:30:23.029538,0.933692,s
198,RG.RITT.00,2024-03-02 06:30:30.539538,0.8337373,p
199,RG.RITT.00,2024-03-02 06:30:31.609538,0.858616,s
200,RG.RITT.00,2024-03-02 06:30:34.529538,0.19347592,s
201,RG.RITT.00,2024-03-02 06:30:36.049538,0.49998045,p
202,RG.RITT.00,2024-03-02 06:30:36.549538,0.3832825,s
203,RG.RITT.00,2024-03-02 06:30:38.679538,0.82996386,p
204,RG.RITT.00,2024-03-02 06:30:39.599538,0.9101388,s
205,RG.RITT.00,2024-03-02 06:30:41.079538,0.16238074,p
206,RG.RITT.00,2024-03-02 06:30:42.269538,0.11660105,s
207,RG.RITT.00,2024-03-02 06:30:47.609538,0.8417249,p
208,RG.RITT.00,2024-03-02 06:30:48.079538,0.7755668,s
209,RG.RITT.00,2024-03-02 06:30:48.459538,0.6836586,p
210,RG.RITT.00,2024-03-02 06:30:49.559538,0.9396857,s
211,RG.RITT.00,2024-03-02 06:30:53.529538,0.86872256,p
212,RG.RITT.00,2024-03-02 06:30:54.599538,0.8876259,s
213,RG.RITT.00,2024-03-02 06:30:59.649538,0.8678229,p
214,RG.RITT.00,2024-03-02 06:31:00.729538,0.7769731,s
215,RG.RITT.00,2024-03-02 06:31:01.369538,0.64959425,p
216,RG.RITT.00,2024-03-02 06:31:02.429538,0.7226439,s
217,RG.RITT.00,2024-03-02 06:31:02.999538,0.7208202,p
218,RG.RITT.00,2024-03-02 06:31:03.969538,0.73010397,s
219,RG.RITT.00,2024-03-02 06:31:07.859538,0.62809974,p
220,RG.RITT.00,2024-03-02 06:31:08.739538,0.77005345,s
221,RG.RITT.00,2024-03-02 06:31:10.509538,0.9024348,p
222,RG.RITT.00,2024-03-02 06:31:11.619538,0.9264299,s
223,RG.RITT.00,2024-03-02 06:31:19.989538,0.6562945,p
224,RG.RITT.00,2024-03-02 06:31:20.879538,0.5376524,s
225,RG.RITT.00,2024-03-02 06:31:26.179538,0.14894654,p
226,RG.RITT.00,2024-03-02 06:31:27.069538,0.41765222,s
227,RG.RITT.00,2024-03-02 06:31:30.279538,0.12751132,s
228,RG.RITT.00,2024-03-02 06:31:31.389538,0.77070355,p
229,RG.RITT.00,2024-03-02 06:31:32.419538,0.9542546,s
230,RG.RITT.00,2024-03-02 06:31:34.669538,0.18043338,p
231,RG.RITT.00,2024-03-02 06:31:41.129538,0.48621708,p
232,RG.RITT.00,2024-03-02 06:31:41.699538,0.2419159,s
233,RG.RITT.00,2024-03-02 06:31:44.629538,0.37806153,p
234,RG.RITT.00,2024-03-02 06:31:45.419538,0.2847811,s
235,RG.RITT.00,2024-03-02 06:31:48.029538,0.7880594,p
236,RG.RITT.00,2024-03-02 06:31:48.379538,0.24172024,s
237,RG.RITT.00,2024-03-02 06:31:49.039538,0.9135163,s
238,RG.RITT.00,2024-03-02 06:31:50.339538,0.90679467,p
239,RG.RITT.00,2024-03-02 06:31:51.209538,0.8459333,s
240,RG.RITT.00,2024-03-02 06:31:53.529538,0.3857793,p
241,RG.RITT.00,2024-03-02 06:31:54.829538,0.76622117,p
242,RG.RITT.00,2024-03-02 06:31:55.599538,0.68751353,s
243,RG.RITT.00,2024-03-02 06:32:06.629538,0.39118743,p
244,RG.RITT.00,2024-03-02 06:32:07.229538,0.20112352,s
245,RG.RITT.00,2024-03-02 06:32:10.449538,0.5501623,p
246,RG.RITT.00,2024-03-02 06:32:11.399538,0.41413808,s
247,RG.RITT.00,2024-03-02 06:32:14.739538,0.563764,p
248,RG.RITT.00,2024-03-02 06:32:15.369538,0.1814255,s
249,RG.RITT.00,2024-03-02 06:32:16.789538,0.21188296,s
250,RG.RITT.00,2024-03-02 06:32:16.969538,0.724345,p
251,RG.RITT.00,2024-03-02 06:32:17.879538,0.89759624,s
252,RG.RITT.00,2024-03-02 06:32:21.319538,0.62533927,p
253,RG.RITT.00,2024-03-02 06:32:22.079538,0.6258199,s
254,RG.RITT.00,2024-03-02 06:32:22.919538,0.1183406,p
255,RG.RITT.00,2024-03-02 06:32:30.099538,0.6050343,p
256,RG.RITT.00,2024-03-02 06:32:30.579538,0.568858,s
257,RG.RITT.00,2024-03-02 06:32:38.429538,0.57483196,p
258,RG.RITT.00,2024-03-02 06:32:38.819538,0.24379167,s
259,RG.RITT.00,2024-03-02 06:32:43.669538,0.6027921,p
260,RG.RITT.00,2024-03-02 06:32:44.129538,0.6967382,s
261,RG.RITT.00,2024-03-02 06:32:46.509538,0.8623276,p
262,RG.RITT.00,2024-03-02 06:32:47.569538,0.9457381,s
263,RG.RITT.00,2024-03-02 06:32:49.279538,0.101981886,s
264,RG.RITT.00,2024-03-02 06:32:49.189538,0.65322536,p
265,RG.RITT.00,2024-03-02 06:32:50.109538,0.83847374,s
266,RG.RITT.00,2024-03-02 06:32:53.849538,0.25311336,p
267,RG.RITT.00,2024-03-02 06:32:54.349538,0.27601343,s
268,RG.RITT.00,2024-03-02 06:32:55.069538,0.7190083,p
269,RG.RITT.00,2024-03-02 06:32:55.749538,0.5164319,s
270,RG.RITT.00,2024-03-02 06:32:56.029538,0.5080517,p
271,RG.RITT.00,2024-03-02 06:32:56.969538,0.27076474,s
272,RG.KUHL.00,2024-03-02 06:29:49.239538,0.1056323,p
273,RG.KUHL.00,2024-03-02 06:30:14.039538,0.63423586,p
274,RG.KUHL.00,2024-03-02 06:30:14.879538,0.7980384,p
275,RG.KUHL.00,2024-03-02 06:30:16.579538,0.8931716,s
276,RG.KUHL.00,2024-03-02 06:30:15.699538,0.66148347,p
277,RG.KUHL.00,2024-03-02 06:30:19.469538,0.33765692,s
278,RG.KUHL.00,2024-03-02 06:30:21.939538,0.95273817,p
279,RG.KUHL.00,2024-03-02 06:30:22.789538,0.9138345,s
280,RG.KUHL.00,2024-03-02 06:30:30.549538,0.959442,p
281,RG.KUHL.00,2024-03-02 06:30:31.399538,0.87845045,s
282,RG.KUHL.00,2024-03-02 06:30:35.879538,0.9068586,p
283,RG.KUHL.00,2024-03-02 06:30:36.749538,0.8419196,s
284,RG.KUHL.00,2024-03-02 06:30:38.519538,0.9665368,p
285,RG.KUHL.00,2024-03-02 06:30:39.349538,0.91221285,s
286,RG.KUHL.00,2024-03-02 06:30:41.159538,0.7291329,p
287,RG.KUHL.00,2024-03-02 06:30:42.029538,0.5151856,s
288,RG.KUHL.00,2024-03-02 06:30:47.419538,0.8980003,p
289,RG.KUHL.00,2024-03-02 06:30:47.819538,0.76814944,s
290,RG.KUHL.00,2024-03-02 06:30:48.489538,0.95342445,p
291,RG.KUHL.00,2024-03-02 06:30:49.319538,0.9131055,s
292,RG.KUHL.00,2024-03-02 06:30:53.529538,0.96171874,p
293,RG.KUHL.00,2024-03-02 06:30:54.389538,0.9112953,s
294,RG.KUHL.00,2024-03-02 06:30:59.649538,0.9498482,p
295,RG.KUHL.00,2024-03-02 06:31:00.519538,0.86003715,s
296,RG.KUHL.00,2024-03-02 06:31:00.829538,0.30281398,p
297,RG.KUHL.00,2024-03-02 06:31:02.119538,0.69328403,s
298,RG.KUHL.00,2024-03-02 06:31:02.779538,0.73226726,p
299,RG.KUHL.00,2024-03-02 06:31:03.639538,0.70950896,s
300,RG.KUHL.00,2024-03-02 06:31:07.609538,0.8702164,p
301,RG.KUHL.00,2024-03-02 06:31:08.439538,0.7099406,s
302,RG.KUHL.00,2024-03-02 06:31:09.969538,0.12731855,p
303,RG.KUHL.00,2024-03-02 06:31:10.519538,0.98140866,p
304,RG.KUHL.00,2024-03-02 06:31:11.389538,0.91466,s
305,RG.KUHL.00,2024-03-02 06:31:19.799538,0.7025109,p
306,RG.KUHL.00,2024-03-02 06:31:20.649538,0.80215275,s
307,RG.KUHL.00,2024-03-02 06:31:31.309538,0.98274255,p
308,RG.KUHL.00,2024-03-02 06:31:32.189538,0.9361249,s
309,RG.KUHL.00,2024-03-02 06:31:47.969538,0.97268695,p
310,RG.KUHL.00,2024-03-02 06:31:48.849538,0.94046605,s
311,RG.KUHL.00,2024-03-02 06:31:50.129538,0.9268516,p
312,RG.KUHL.00,2024-03-02 06:31:51.009538,0.84206927,s
313,RG.KUHL.00,2024-03-02 06:31:53.989538,0.3398939,p
314,RG.KUHL.00,2024-03-02 06:31:54.669538,0.8800346,p
315,RG.KUHL.00,2024-03-02 06:31:55.589538,0.8663898,s
316,RG.KUHL.00,2024-03-02 06:32:04.919538,0.88046765,p
317,RG.KUHL.00,2024-03-02 06:32:05.769538,0.81651866,s
318,RG.KUHL.00,2024-03-02 06:32:06.379538,0.93049544,p
319,RG.KUHL.00,2024-03-02 06:32:06.769538,0.10478978,s
320,RG.KUHL.00,2024-03-02 06:32:07.279538,0.87912804,s
321,RG.KUHL.00,2024-03-02 06:32:10.259538,0.9366435,p
322,RG.KUHL.00,2024-03-02 06:32:11.129538,0.88434196,s
323,RG.KUHL.00,2024-03-02 06:32:14.889538,0.13702957,p
324,RG.KUHL.00,2024-03-02 06:32:15.839538,0.82215774,p
325,RG.KUHL.00,2024-03-02 06:32:17.639538,0.8842632,s
326,RG.KUHL.00,2024-03-02 06:32:16.769538,0.8632411,p
327,RG.KUHL.00,2024-03-02 06:32:20.529538,0.10443313,p
328,RG.KUHL.00,2024-03-02 06:32:21.159538,0.84181297,p
329,RG.KUHL.00,2024-03-02 06:32:21.799538,0.6789388,s
330,RG.KUHL.00,2024-03-02 06:32:22.579538,0.568543,p
331,RG.KUHL.00,2024-03-02 06:32:23.479538,0.5904745,s
332,RG.KUHL.00,2024-03-02 06:32:26.069538,0.18159108,p
333,RG.KUHL.00,2024-03-02 06:32:26.919538,0.2872226,s
334,RG.KUHL.00,2024-03-02 06:32:29.539538,0.95685226,p
335,RG.KUHL.00,2024-03-02 06:32:30.419538,0.90014493,s
336,RG.KUHL.00,2024-03-02 06:32:38.279538,0.9165051,p
337,RG.KUHL.00,2024-03-02 06:32:39.139538,0.86776125,s
338,RG.KUHL.00,2024-03-02 06:32:40.069538,0.26387987,p
339,RG.KUHL.00,2024-03-02 06:32:41.009538,0.26697972,s
340,RG.KUHL.00,2024-03-02 06:32:42.979538,0.8369966,p
341,RG.KUHL.00,2024-03-02 06:32:44.389538,0.6267989,s
342,RG.KUHL.00,2024-03-02 06:32:46.499538,0.97248816,p
343,RG.KUHL.00,2024-03-02 06:32:47.379538,0.90674764,s
344,RG.KUHL.00,2024-03-02 06:32:49.019538,0.8966378,p
345,RG.KUHL.00,2024-03-02 06:32:49.889538,0.92051214,s
346,RG.KUHL.00,2024-03-02 06:32:53.699538,0.8740779,p
347,RG.KUHL.00,2024-03-02 06:32:54.119538,0.42348963,s
348,RG.KUHL.00,2024-03-02 06:32:54.849538,0.88501483,p
349,RG.KUHL.00,2024-03-02 06:32:55.719538,0.77929395,s
350,RG.KUHL.00,2024-03-02 06:32:56.739538,0.36927018,s
351,FO.OPS.00,2024-03-02 06:28:04.760000,0.12941653,s
352,FO.OPS.00,2024-03-02 06:28:30.470000,0.102674834,p
353,FO.OPS.00,2024-03-02 06:28:42.770000,0.16015884,p
354,FO.OPS.00,2024-03-02 06:28:45.250000,0.52782273,p
355,FO.OPS.00,2024-03-02 06:28:48.300000,0.33629066,s
356,FO.OPS.00,2024-03-02 06:29:00.890000,0.19067858,p
357,FO.OPS.00,2024-03-02 06:29:04.510000,0.26831037,s
358,FO.OPS.00,2024-03-02 06:29:04.620000,0.15888017,p
359,FO.OPS.00,2024-03-02 06:29:06.190000,0.17418598,s
360,FO.OPS.00,2024-03-02 06:29:12.140000,0.11292223,p
361,FO.OPS.00,2024-03-02 06:29:17.170000,0.4227524,p
362,FO.OPS.00,2024-03-02 06:29:18.010000,0.7338804,s
363,FO.OPS.00,2024-03-02 06:29:26.820000,0.11146799,p
364,FO.OPS.00,2024-03-02 06:29:28.120000,0.45013222,s
365,FO.OPS.00,2024-03-02 06:29:45.800000,0.78953743,p
366,FO.OPS.00,2024-03-02 06:29:46.830000,0.46717587,s
367,FO.OPS.00,2024-03-02 06:29:56.700000,0.15655723,p
368,FO.OPS.00,2024-03-02 06:29:57.400000,0.12305284,p
369,FO.OPS.00,2024-03-02 06:30:02.630000,0.15380861,p
370,FO.OPS.00,2024-03-02 06:30:15.400000,0.8720877,p
371,FO.OPS.00,2024-03-02 06:30:16.070000,0.15851398,s
372,FO.OPS.00,2024-03-02 06:30:16.170000,0.6118504,p
373,FO.OPS.00,2024-03-02 06:30:17.280000,0.92249125,s
374,FO.OPS.00,2024-03-02 06:30:22.440000,0.8757441,p
375,FO.OPS.00,2024-03-02 06:30:23.570000,0.86947864,s
376,FO.OPS.00,2024-03-02 06:30:31.010000,0.6383783,p
377,FO.OPS.00,2024-03-02 06:30:32.130000,0.7185582,s
378,FO.OPS.00,2024-03-02 06:30:37.560000,0.34193748,s
379,FO.OPS.00,2024-03-02 06:30:39.020000,0.84266186,p
380,FO.OPS.00,2024-03-02 06:30:40.160000,0.8189322,s
381,FO.OPS.00,2024-03-02 06:30:41.500000,0.11022651,s
382,FO.OPS.00,2024-03-02 06:30:41.520000,0.29685497,p
383,FO.OPS.00,2024-03-02 06:30:42.900000,0.25054714,s
384,FO.OPS.00,2024-03-02 06:30:47.870000,0.44650006,p
385,FO.OPS.00,2024-03-02 06:30:48.570000,0.35308027,s
386,FO.OPS.00,2024-03-02 06:30:49.050000,0.14798106,s
387,FO.OPS.00,2024-03-02 06:30:48.930000,0.90041924,p
388,FO.OPS.00,2024-03-02 06:30:50.050000,0.87894297,s
389,FO.OPS.00,2024-03-02 06:30:54.010000,0.6861021,p
390,FO.OPS.00,2024-03-02 06:30:55.100000,0.9365998,s
391,FO.OPS.00,2024-03-02 06:31:00.140000,0.5855492,p
392,FO.OPS.00,2024-03-02 06:31:01.270000,0.6621665,s
393,FO.OPS.00,2024-03-02 06:31:01.590000,0.54295254,p
394,FO.OPS.00,2024-03-02 06:31:02.540000,0.18054825,s
395,FO.OPS.00,2024-03-02 06:31:02.840000,0.53320014,p
396,FO.OPS.00,2024-03-02 06:31:04.410000,0.26306963,s
397,FO.OPS.00,2024-03-02 06:31:07.980000,0.2954924,p
398,FO.OPS.00,2024-03-02 06:31:09.340000,0.68006027,s
399,FO.OPS.00,2024-03-02 06:31:09.570000,0.12426301,p
400,FO.OPS.00,2024-03-02 06:31:11.020000,0.94156426,p
401,FO.OPS.00,2024-03-02 06:31:12.100000,0.9496843,s
402,FO.OPS.00,2024-03-02 06:31:20.100000,0.16054386,p
403,FO.OPS.00,2024-03-02 06:31:21.450000,0.38298127,s
404,FO.OPS.00,2024-03-02 06:31:21.830000,0.15003344,p
405,FO.OPS.00,2024-03-02 06:31:22.750000,0.16165157,s
406,FO.OPS.00,2024-03-02 06:31:31.800000,0.90795046,p
407,FO.OPS.00,2024-03-02 06:31:32.930000,0.8423162,s
408,FO.OPS.00,2024-03-02 06:31:48.420000,0.7950265,p
409,FO.OPS.00,2024-03-02 06:31:49.550000,0.8815604,s
410,FO.OPS.00,2024-03-02 06:31:49.880000,0.5175898,p
411,FO.OPS.00,2024-03-02 06:31:51.650000,0.38873607,s
412,FO.OPS.00,2024-03-02 06:31:54.910000,0.4627581,p
413,FO.OPS.00,2024-03-02 06:31:56.260000,0.8092439,s
414,FO.OPS.00,2024-03-02 06:32:06.640000,0.44118354,p
415,FO.OPS.00,2024-03-02 06:32:07.930000,0.6415552,s
416,FO.OPS.00,2024-03-02 06:32:11.420000,0.18942599,s
417,FO.OPS.00,2024-03-02 06:32:17.280000,0.8714835,p
418,FO.OPS.00,2024-03-02 06:32:18.310000,0.80096316,s
419,FO.OPS.00,2024-03-02 06:32:19.020000,0.17171113,p
420,FO.OPS.00,2024-03-02 06:32:22.790000,0.30825946,p
421,FO.OPS.00,2024-03-02 06:32:24.310000,0.23180182,s
422,FO.OPS.00,2024-03-02 06:32:29.620000,0.23947203,p
423,FO.OPS.00,2024-03-02 06:32:31.180000,0.11653414,s
424,FO.OPS.00,2024-03-02 06:32:38.520000,0.65253204,p
425,FO.OPS.00,2024-03-02 06:32:39.840000,0.7338584,s
426,FO.OPS.00,2024-03-02 06:32:40.180000,0.16586323,p
427,FO.OPS.00,2024-03-02 06:32:47.050000,0.84533626,p
428,FO.OPS.00,2024-03-02 06:32:48.050000,0.9098379,s
429,FO.OPS.00,2024-03-02 06:32:48.760000,0.32075268,p
430,FO.OPS.00,2024-03-02 06:32:50.660000,0.70454305,s
431,FO.OPS.00,2024-03-02 06:32:54.560000,0.12163167,p
432,FO.OPS.00,2024-03-02 06:32:56.110000,0.41547826,p
433,FO.OPS.00,2024-03-02 06:32:56.350000,0.31901023,s
434,FO.OPS.00,2024-03-02 06:32:57.480000,0.32278508,s
435,RG.SCHW.00,2024-03-02 06:30:14.580000,0.40277267,p
436,RG.SCHW.00,2024-03-02 06:30:15.430000,0.7473393,p
437,RG.SCHW.00,2024-03-02 06:30:17.500000,0.88215613,s
438,RG.SCHW.00,2024-03-02 06:30:16.260000,0.7701845,p
439,RG.SCHW.00,2024-03-02 06:30:22.500000,0.95441943,p
440,RG.SCHW.00,2024-03-02 06:30:23.340000,0.7520779,s
441,RG.SCHW.00,2024-03-02 06:30:31.070000,0.9312357,p
442,RG.SCHW.00,2024-03-02 06:30:32.340000,0.6615968,s
443,RG.SCHW.00,2024-03-02 06:30:36.470000,0.904064,p
444,RG.SCHW.00,2024-03-02 06:30:37.220000,0.63178194,s
445,RG.SCHW.00,2024-03-02 06:30:39.070000,0.9556798,p
446,RG.SCHW.00,2024-03-02 06:30:40.300000,0.8746093,s
447,RG.SCHW.00,2024-03-02 06:30:41.700000,0.78378516,p
448,RG.SCHW.00,2024-03-02 06:30:42.510000,0.8129663,s
449,RG.SCHW.00,2024-03-02 06:30:42.830000,0.13277489,s
450,RG.SCHW.00,2024-03-02 06:30:47.960000,0.7612883,p
451,RG.SCHW.00,2024-03-02 06:30:48.640000,0.75287455,s
452,RG.SCHW.00,2024-03-02 06:30:49.010000,0.9317226,p
453,RG.SCHW.00,2024-03-02 06:30:49.300000,0.18872645,s
454,RG.SCHW.00,2024-03-02 06:30:50.240000,0.9168292,s
455,RG.SCHW.00,2024-03-02 06:30:54.080000,0.93540245,p
456,RG.SCHW.00,2024-03-02 06:30:55.290000,0.77632034,s
457,RG.SCHW.00,2024-03-02 06:31:00.170000,0.93771005,p
458,RG.SCHW.00,2024-03-02 06:31:01.010000,0.78510094,s
459,RG.SCHW.00,2024-03-02 06:31:01.870000,0.85946167,p
460,RG.SCHW.00,2024-03-02 06:31:02.740000,0.6834468,s
461,RG.SCHW.00,2024-03-02 06:31:03.350000,0.83935106,p
462,RG.SCHW.00,2024-03-02 06:31:04.250000,0.5338311,s
463,RG.SCHW.00,2024-03-02 06:31:07.240000,0.112711266,s
464,RG.SCHW.00,2024-03-02 06:31:08.200000,0.625482,p
465,RG.SCHW.00,2024-03-02 06:31:09.420000,0.62065774,s
466,RG.SCHW.00,2024-03-02 06:31:09.580000,0.51868457,p
467,RG.SCHW.00,2024-03-02 06:31:11.070000,0.95592785,p
468,RG.SCHW.00,2024-03-02 06:31:12.370000,0.8322087,s
469,RG.SCHW.00,2024-03-02 06:31:20.350000,0.67752486,p
470,RG.SCHW.00,2024-03-02 06:31:21.520000,0.35989827,s
471,RG.SCHW.00,2024-03-02 06:31:31.860000,0.94862634,p
472,RG.SCHW.00,2024-03-02 06:31:33.090000,0.9007913,s
473,RG.SCHW.00,2024-03-02 06:31:42.770000,0.27371928,s
474,RG.SCHW.00,2024-03-02 06:31:48.520000,0.9638382,p
475,RG.SCHW.00,2024-03-02 06:31:49.720000,0.85758954,s
476,RG.SCHW.00,2024-03-02 06:31:50.660000,0.87582827,p
477,RG.SCHW.00,2024-03-02 06:31:51.860000,0.8889295,s
478,RG.SCHW.00,2024-03-02 06:31:55.220000,0.9212628,p
479,RG.SCHW.00,2024-03-02 06:31:56.420000,0.7736704,s
480,RG.SCHW.00,2024-03-02 06:32:05.190000,0.5327236,p
481,RG.SCHW.00,2024-03-02 06:32:06.350000,0.78400946,s
482,RG.SCHW.00,2024-03-02 06:32:06.890000,0.83717275,p
483,RG.SCHW.00,2024-03-02 06:32:08.100000,0.8722946,s
484,RG.SCHW.00,2024-03-02 06:32:09.120000,0.106867924,s
485,RG.SCHW.00,2024-03-02 06:32:10.790000,0.90877956,p
486,RG.SCHW.00,2024-03-02 06:32:11.580000,0.5140674,s
487,RG.SCHW.00,2024-03-02 06:32:17.320000,0.92615396,p
488,RG.SCHW.00,2024-03-02 06:32:17.960000,0.11812796,s
489,RG.SCHW.00,2024-03-02 06:32:18.510000,0.7206095,s
490,RG.SCHW.00,2024-03-02 06:32:21.630000,0.4503805,p
491,RG.SCHW.00,2024-03-02 06:32:22.870000,0.5475789,s
492,RG.SCHW.00,2024-03-02 06:32:26.590000,0.15425867,p
493,RG.SCHW.00,2024-03-02 06:32:27.740000,0.2967504,s
494,RG.SCHW.00,2024-03-02 06:32:30.050000,0.6787324,p
495,RG.SCHW.00,2024-03-02 06:32:31.230000,0.48400706,s
496,RG.SCHW.00,2024-03-02 06:32:38.780000,0.86334616,p
497,RG.SCHW.00,2024-03-02 06:32:40.000000,0.796776,s
498,RG.SCHW.00,2024-03-02 06:32:40.620000,0.21093524,p
499,RG.SCHW.00,2024-03-02 06:32:43.620000,0.13507599,p
500,RG.SCHW.00,2024-03-02 06:32:45.240000,0.16611105,s
501,RG.SCHW.00,2024-03-02 06:32:47.020000,0.96398014,p
502,RG.SCHW.00,2024-03-02 06:32:48.220000,0.9405974,s
503,RG.SCHW.00,2024-03-02 06:32:49.570000,0.8368962,p
504,RG.SCHW.00,2024-03-02 06:32:50.460000,0.7120725,s
505,RG.SCHW.00,2024-03-02 06:32:55.420000,0.3963003,p
506,RG.SCHW.00,2024-03-02 06:32:56.430000,0.3309725,p
507,RG.SCHW.00,2024-03-02 06:32:57.220000,0.43274426,s
508,RG.OBER.00,2024-03-02 06:30:14.739538,0.51025665,p
509,RG.OBER.00,2024-03-02 06:30:15.389538,0.7657914,p
510,RG.OBER.00,2024-03-02 06:30:15.659538,0.35976332,s
511,RG.OBER.00,2024-03-02 06:30:16.149538,0.81487393,p
512,RG.OBER.00,2024-03-02 06:30:16.719538,0.14934555,s
513,RG.OBER.00,2024-03-02 06:30:17.419538,0.9173847,s
514,RG.OBER.00,2024-03-02 06:30:22.339538,0.8173967,p
515,RG.OBER.00,2024-03-02 06:30:23.629538,0.8648529,s
516,RG.OBER.00,2024-03-02 06:30:24.289538,0.10237417,p
517,RG.OBER.00,2024-03-02 06:30:30.909538,0.8318331,p
518,RG.OBER.00,2024-03-02 06:30:32.229538,0.84149575,s
519,RG.OBER.00,2024-03-02 06:30:32.649538,0.10586277,p
520,RG.OBER.00,2024-03-02 06:30:36.079538,0.31920576,p
521,RG.OBER.00,2024-03-02 06:30:37.589538,0.34105954,s
522,RG.OBER.00,2024-03-02 06:30:38.999538,0.82509327,p
523,RG.OBER.00,2024-03-02 06:30:40.209538,0.87648576,s
524,RG.OBER.00,2024-03-02 06:30:41.469538,0.2709142,p
525,RG.OBER.00,2024-03-02 06:30:42.819538,0.32145655,s
526,RG.OBER.00,2024-03-02 06:30:48.019538,0.36409014,p
527,RG.OBER.00,2024-03-02 06:30:48.449538,0.6000944,s
528,RG.OBER.00,2024-03-02 06:30:49.009538,0.12023016,s
529,RG.OBER.00,2024-03-02 06:30:48.919538,0.88205093,p
530,RG.OBER.00,2024-03-02 06:30:50.159538,0.9066227,s
531,RG.OBER.00,2024-03-02 06:30:53.979538,0.8726781,p
532,RG.OBER.00,2024-03-02 06:30:55.249538,0.95821536,s
533,RG.OBER.00,2024-03-02 06:31:00.109538,0.7446235,p
534,RG.OBER.00,2024-03-02 06:31:01.319538,0.6726015,s
535,RG.OBER.00,2024-03-02 06:31:01.659538,0.4870121,p
536,RG.OBER.00,2024-03-02 06:31:02.899538,0.20942968,s
537,RG.OBER.00,2024-03-02 06:31:02.949538,0.52315474,p
538,RG.OBER.00,2024-03-02 06:31:04.509538,0.2736124,s
539,RG.OBER.00,2024-03-02 06:31:08.059538,0.27532673,p
540,RG.OBER.00,2024-03-02 06:31:09.289538,0.27924734,s
541,RG.OBER.00,2024-03-02 06:31:10.979538,0.9572496,p
542,RG.OBER.00,2024-03-02 06:31:12.249538,0.950994,s
543,RG.OBER.00,2024-03-02 06:31:12.669538,0.2906147,p
544,RG.OBER.00,2024-03-02 06:31:19.919538,0.53881043,p
545,RG.OBER.00,2024-03-02 06:31:21.519538,0.5292114,s
546,RG.OBER.00,2024-03-02 06:31:31.729538,0.9098607,p
547,RG.OBER.00,2024-03-02 06:31:32.999538,0.86750793,s
548,RG.OBER.00,2024-03-02 06:31:48.399538,0.87543947,p
549,RG.OBER.00,2024-03-02 06:31:49.699538,0.937372,s
550,RG.OBER.00,2024-03-02 06:31:50.069538,0.42484272,p
551,RG.OBER.00,2024-03-02 06:31:51.799538,0.3390651,s
552,RG.OBER.00,2024-03-02 06:31:54.929538,0.7203438,p
553,RG.OBER.00,2024-03-02 06:31:56.409538,0.78111804,s
554,RG.OBER.00,2024-03-02 06:32:06.499538,0.70485854,p
555,RG.OBER.00,2024-03-02 06:32:08.109538,0.79185194,s
556,RG.OBER.00,2024-03-02 06:32:10.599538,0.17647497,p
557,RG.OBER.00,2024-03-02 06:32:12.029538,0.26349443,s
558,RG.OBER.00,2024-03-02 06:32:16.999538,0.8512162,p
559,RG.OBER.00,2024-03-02 06:32:18.499538,0.950124,s
560,RG.OBER.00,2024-03-02 06:32:21.359538,0.30541372,p
561,RG.OBER.00,2024-03-02 06:32:29.619538,0.17421351,p
562,RG.OBER.00,2024-03-02 06:32:31.189538,0.19105421,s
563,RG.OBER.00,2024-03-02 06:32:35.779538,0.11312797,p
564,RG.OBER.00,2024-03-02 06:32:38.429538,0.41278505,p
565,RG.OBER.00,2024-03-02 06:32:39.999538,0.739986,s
566,RG.OBER.00,2024-03-02 06:32:46.429538,0.10916406,s
567,RG.OBER.00,2024-03-02 06:32:47.009538,0.877775,p
568,RG.OBER.00,2024-03-02 06:32:48.239538,0.9067522,s
569,RG.OBER.00,2024-03-02 06:32:49.029538,0.5298311,p
570,RG.OBER.00,2024-03-02 06:32:50.749538,0.8881061,s
571,RG.OBER.00,2024-03-02 06:32:54.889538,0.41313237,p
572,RG.OBER.00,2024-03-02 06:32:56.159538,0.24728397,p
573,RG.OBER.00,2024-03-02 06:32:56.559538,0.2769706,s
574,RG.OBER.00,2024-03-02 06:32:57.489538,0.17578958,s
575,RG.STUN.00,2024-03-02 06:28:15.439538,0.24574442,p
576,RG.STUN.00,2024-03-02 06:28:25.859538,0.45009917,p
577,RG.STUN.00,2024-03-02 06:28:39.149538,0.10322651,p
578,RG.STUN.00,2024-03-02 06:28:53.629538,0.33202055,p
579,RG.STUN.00,2024-03-02 06:28:55.729538,0.2595494,p
580,RG.STUN.00,2024-03-02 06:28:59.179538,0.35819867,s
581,RG.STUN.00,2024-03-02 06:29:07.659538,0.27840403,p
582,RG.STUN.00,2024-03-02 06:29:28.429538,0.28848675,p
583,RG.STUN.00,2024-03-02 06:29:38.179538,0.10310234,s
584,RG.STUN.00,2024-03-02 06:29:38.159538,0.2025943,p
585,RG.STUN.00,2024-03-02 06:29:53.569538,0.113074146,p
586,RG.STUN.00,2024-03-02 06:29:56.719538,0.17290622,p
587,RG.STUN.00,2024-03-02 06:29:57.929538,0.15777704,p
588,RG.STUN.00,2024-03-02 06:30:02.119538,0.1137927,p
589,RG.STUN.00,2024-03-02 06:30:04.239538,0.1002195,p
590,RG.STUN.00,2024-03-02 06:30:14.819538,0.55297095,p
591,RG.STUN.00,2024-03-02 06:30:15.979538,0.23154801,s
592,RG.STUN.00,2024-03-02 06:30:16.019538,0.5958505,p
593,RG.STUN.00,2024-03-02 06:30:16.909538,0.35781595,s
594,RG.STUN.00,2024-03-02 06:30:17.519538,0.9089835,s
595,RG.STUN.00,2024-03-02 06:30:22.439538,0.65941906,p
596,RG.STUN.00,2024-03-02 06:30:23.769538,0.66279554,s
597,RG.STUN.00,2024-03-02 06:30:26.159538,0.3783682,p
598,RG.STUN.00,2024-03-02 06:30:27.459538,0.23509814,s
599,RG.STUN.00,2024-03-02 06:30:30.979538,0.6827089,p
600,RG.STUN.00,2024-03-02 06:30:32.339538,0.73830616,s
601,RG.STUN.00,2024-03-02 06:30:38.999538,0.8751765,p
602,RG.STUN.00,2024-03-02 06:30:39.679538,0.105428144,p
603,RG.STUN.00,2024-03-02 06:30:40.329538,0.8701327,s
604,RG.STUN.00,2024-03-02 06:30:40.979538,0.5466182,p
605,RG.STUN.00,2024-03-02 06:30:41.759538,0.21179128,s
606,RG.STUN.00,2024-03-02 06:30:42.559538,0.61243796,s
607,RG.STUN.00,2024-03-02 06:30:47.679538,0.12035567,p
608,RG.STUN.00,2024-03-02 06:30:48.599538,0.40253568,s
609,RG.STUN.00,2024-03-02 06:30:48.959538,0.90405494,p
610,RG.STUN.00,2024-03-02 06:30:50.269538,0.91876274,s
611,RG.STUN.00,2024-03-02 06:30:53.999538,0.9048651,p
612,RG.STUN.00,2024-03-02 06:30:55.339538,0.8698674,s
613,RG.STUN.00,2024-03-02 06:31:00.229538,0.4068875,p
614,RG.STUN.00,2024-03-02 06:31:01.449538,0.6819763,s
615,RG.STUN.00,2024-03-02 06:31:01.739538,0.41678303,p
616,RG.STUN.00,2024-03-02 06:31:05.299538,0.13572712,s
617,RG.STUN.00,2024-03-02 06:31:09.809538,0.5258363,s
618,RG.STUN.00,2024-03-02 06:31:11.029538,0.91613746,p
619,RG.STUN.00,2024-03-02 06:31:11.659538,0.54560643,p
620,RG.STUN.00,2024-03-02 06:31:12.339538,0.92600805,s
621,RG.STUN.00,2024-03-02 06:31:19.779538,0.20206073,p
622,RG.STUN.00,2024-03-02 06:31:31.149538,0.7254859,p
623,RG.STUN.00,2024-03-02 06:31:33.129538,0.832199,s
624,RG.STUN.00,2024-03-02 06:31:34.579538,0.11822833,s
625,RG.STUN.00,2024-03-02 06:31:47.689538,0.124472134,p
626,RG.STUN.00,2024-03-02 06:31:48.299538,0.19415717,p
627,RG.STUN.00,2024-03-02 06:31:49.769538,0.50701994,s
628,RG.STUN.00,2024-03-02 06:31:55.289538,0.10772036,p
629,RG.STUN.00,2024-03-02 06:31:56.479538,0.14989662,s
630,RG.STUN.00,2024-03-02 06:32:11.059538,0.10817642,p
631,RG.STUN.00,2024-03-02 06:32:14.969538,0.3873344,p
632,RG.STUN.00,2024-03-02 06:32:18.089538,0.36494875,s
633,RG.STUN.00,2024-03-02 06:32:17.999538,0.3364559,p
634,RG.STUN.00,2024-03-02 06:32:18.859538,0.12961665,p
635,RG.STUN.00,2024-03-02 06:32:22.479538,0.20300241,s
636,RG.STUN.00,2024-03-02 06:32:37.619538,0.30131847,p
637,RG.STUN.00,2024-03-02 06:32:40.719538,0.21260187,s
638,RG.STUN.00,2024-03-02 06:32:40.669538,0.3391009,p
639,RG.STUN.00,2024-03-02 06:32:41.779538,0.23791935,s
640,RG.STUN.00,2024-03-02 06:32:47.039538,0.9161845,p
641,RG.STUN.00,2024-03-02 06:32:48.319538,0.51656735,s
642,RG.STUN.00,2024-03-02 06:32:49.499538,0.27520448,p
643,RG.STUN.00,2024-03-02 06:32:50.819538,0.62147826,s
644,RG.SUBF.00,2024-03-02 06:28:59.070000,0.12527366,p
645,RG.SUBF.00,2024-03-02 06:30:14.740000,0.29818457,p
646,RG.SUBF.00,2024-03-02 06:30:15.850000,0.6321407,p
647,RG.SUBF.00,2024-03-02 06:30:16.280000,0.3582479,s
648,RG.SUBF.00,2024-03-02 06:30:16.570000,0.85038054,p
649,RG.SUBF.00,2024-03-02 06:30:17.020000,0.6827154,s
650,RG.SUBF.00,2024-03-02 06:30:17.920000,0.769829,s
651,RG.SUBF.00,2024-03-02 06:30:22.780000,0.83774674,p
652,RG.SUBF.00,2024-03-02 06:30:24.220000,0.57395536,s
653,RG.SUBF.00,2024-03-02 06:30:26.110000,0.3720663,p
654,RG.SUBF.00,2024-03-02 06:30:27.150000,0.2975813,s
655,RG.SUBF.00,2024-03-02 06:30:31.430000,0.83297783,p
656,RG.SUBF.00,2024-03-02 06:30:32.830000,0.61009103,s
657,RG.SUBF.00,2024-03-02 06:30:36.740000,0.11298784,p
658,RG.SUBF.00,2024-03-02 06:30:38.150000,0.21290231,s
659,RG.SUBF.00,2024-03-02 06:30:39.360000,0.8589728,p
660,RG.SUBF.00,2024-03-02 06:30:40.700000,0.81605643,s
661,RG.SUBF.00,2024-03-02 06:30:48.270000,0.7289219,p
662,RG.SUBF.00,2024-03-02 06:30:48.980000,0.36231294,s
663,RG.SUBF.00,2024-03-02 06:30:49.330000,0.87862396,p
664,RG.SUBF.00,2024-03-02 06:30:49.800000,0.51695055,s
665,RG.SUBF.00,2024-03-02 06:30:50.640000,0.6984134,s
666,RG.SUBF.00,2024-03-02 06:30:52.620000,0.47915906,p
667,RG.SUBF.00,2024-03-02 06:30:53.730000,0.6727036,s
668,RG.SUBF.00,2024-03-02 06:30:54.360000,0.93912727,p
669,RG.SUBF.00,2024-03-02 06:30:55.790000,0.7981303,s
670,RG.SUBF.00,2024-03-02 06:30:59.490000,0.12927352,s
671,RG.SUBF.00,2024-03-02 06:31:00.490000,0.91837287,p
672,RG.SUBF.00,2024-03-02 06:31:01.870000,0.45173892,s
673,RG.SUBF.00,2024-03-02 06:31:02.240000,0.7886277,p
674,RG.SUBF.00,2024-03-02 06:31:03.110000,0.44121954,s
675,RG.SUBF.00,2024-03-02 06:31:03.800000,0.7526388,p
676,RG.SUBF.00,2024-03-02 06:31:04.970000,0.44739535,s
677,RG.SUBF.00,2024-03-02 06:31:06.940000,0.19449037,p
678,RG.SUBF.00,2024-03-02 06:31:08.000000,0.3036976,s
679,RG.SUBF.00,2024-03-02 06:31:08.420000,0.48029345,p
680,RG.SUBF.00,2024-03-02 06:31:09.840000,0.3008243,s
681,RG.SUBF.00,2024-03-02 06:31:11.380000,0.9669105,p
682,RG.SUBF.00,2024-03-02 06:31:12.800000,0.8505817,s
683,RG.SUBF.00,2024-03-02 06:31:32.170000,0.9574727,p
684,RG.SUBF.00,2024-03-02 06:31:33.580000,0.8747233,s
685,RG.SUBF.00,2024-03-02 06:31:48.850000,0.6576746,p
686,RG.SUBF.00,2024-03-02 06:31:50.240000,0.6251328,s
687,RG.SUBF.00,2024-03-02 06:31:52.320000,0.29317227,s
688,RG.SUBF.00,2024-03-02 06:31:55.420000,0.6064304,p
689,RG.SUBF.00,2024-03-02 06:31:57.000000,0.49363753,s
690,RG.SUBF.00,2024-03-02 06:32:07.140000,0.5615354,p
691,RG.SUBF.00,2024-03-02 06:32:08.670000,0.19342172,s
692,RG.SUBF.00,2024-03-02 06:32:17.620000,0.8504296,p
693,RG.SUBF.00,2024-03-02 06:32:18.920000,0.7733282,s
694,RG.SUBF.00,2024-03-02 06:32:39.130000,0.18576296,p
695,RG.SUBF.00,2024-03-02 06:32:47.340000,0.96685076,p
696,RG.SUBF.00,2024-03-02 06:32:48.740000,0.93490416,s
697,RG.SUBF.00,2024-03-02 06:32:49.900000,0.80710566,p
698,RG.SUBF.00,2024-03-02 06:32:51.230000,0.17630805,s
699,RG.SUBF.00,2024-03-02 06:32:55.460000,0.22821227,p
700,RG.SUBF.00,2024-03-02 06:32:56.830000,0.6262707,p
701,RG.SUBF.00,2024-03-02 06:32:57.130000,0.15389006,s
702,RG.FOR.00,2024-03-02 06:28:08.370000,0.15784477,s
703,RG.FOR.00,2024-03-02 06:28:10.090000,0.10730888,p
704,RG.FOR.00,2024-03-02 06:28:21.460000,0.12580955,p
705,RG.FOR.00,2024-03-02 06:28:22.370000,0.12802155,s
706,RG.FOR.00,2024-03-02 06:28:22.960000,0.33261684,s
707,RG.FOR.00,2024-03-02 06:28:46.980000,0.51802665,p
708,RG.FOR.00,2024-03-02 06:28:48.410000,0.18394987,p
709,RG.FOR.00,2024-03-02 06:28:50.240000,0.60658455,s
710,RG.FOR.00,2024-03-02 06:29:03.530000,0.43618926,p
711,RG.FOR.00,2024-03-02 06:29:04.950000,0.5853854,s
712,RG.FOR.00,2024-03-02 06:29:32.350000,0.21172726,p
713,RG.FOR.00,2024-03-02 06:29:39.030000,0.17357089,p
714,RG.FOR.00,2024-03-02 06:29:45.430000,0.13077073,s
715,RG.FOR.00,2024-03-02 06:30:15.760000,0.6402926,p
716,RG.FOR.00,2024-03-02 06:30:17.990000,0.8367523,s
717,RG.FOR.00,2024-03-02 06:30:22.830000,0.6477357,p
718,RG.FOR.00,2024-03-02 06:30:24.210000,0.8933694,s
719,RG.FOR.00,2024-03-02 06:30:31.360000,0.6784578,p
720,RG.FOR.00,2024-03-02 06:30:32.850000,0.7435685,s
721,RG.FOR.00,2024-03-02 06:30:36.830000,0.5001501,p
722,RG.FOR.00,2024-03-02 06:30:38.190000,0.41222754,s
723,RG.FOR.00,2024-03-02 06:30:39.380000,0.8553815,p
724,RG.FOR.00,2024-03-02 06:30:40.240000,0.17129658,s
725,RG.FOR.00,2024-03-02 06:30:40.820000,0.8389389,s
726,RG.FOR.00,2024-03-02 06:30:42.100000,0.18296613,p
727,RG.FOR.00,2024-03-02 06:30:43.490000,0.4990241,s
728,RG.FOR.00,2024-03-02 06:30:48.590000,0.22597912,p
729,RG.FOR.00,2024-03-02 06:30:49.310000,0.9222181,p
730,RG.FOR.00,2024-03-02 06:30:49.720000,0.1296625,s
731,RG.FOR.00,2024-03-02 06:30:50.200000,0.60069114,s
732,RG.FOR.00,2024-03-02 06:30:50.760000,0.8616626,s
733,RG.FOR.00,2024-03-02 06:30:54.350000,0.69758517,p
734,RG.FOR.00,2024-03-02 06:30:55.810000,0.7872755,s
735,RG.FOR.00,2024-03-02 06:31:00.390000,0.77888757,p
736,RG.FOR.00,2024-03-02 06:31:01.950000,0.3547562,s
737,RG.FOR.00,2024-03-02 06:31:02.110000,0.33419737,p
738,RG.FOR.00,2024-03-02 06:31:03.860000,0.22355005,p
739,RG.FOR.00,2024-03-02 06:31:05.250000,0.63790184,s
740,RG.FOR.00,2024-03-02 06:31:11.340000,0.82829297,p
741,RG.FOR.00,2024-03-02 06:31:12.800000,0.87917465,s
742,RG.FOR.00,2024-03-02 06:31:13.070000,0.16533831,p
743,RG.FOR.00,2024-03-02 06:31:20.650000,0.15323251,p
744,RG.FOR.00,2024-03-02 06:31:32.150000,0.89636904,p
745,RG.FOR.00,2024-03-02 06:31:33.610000,0.8884704,s
746,RG.FOR.00,2024-03-02 06:31:48.590000,0.7135829,p
747,RG.FOR.00,2024-03-02 06:31:50.280000,0.8782194,s
748,RG.FOR.00,2024-03-02 06:31:50.640000,0.5475528,p
749,RG.FOR.00,2024-03-02 06:31:52.420000,0.3758368,s
750,RG.FOR.00,2024-03-02 06:31:55.460000,0.8561064,p
751,RG.FOR.00,2024-03-02 06:31:57.010000,0.7138774,s
752,RG.FOR.00,2024-03-02 06:32:05.840000,0.1712603,p
753,RG.FOR.00,2024-03-02 06:32:06.970000,0.23917831,s
754,RG.FOR.00,2024-03-02 06:32:07.050000,0.4986697,p
755,RG.FOR.00,2024-03-02 06:32:08.620000,0.56637543,s
756,RG.FOR.00,2024-03-02 06:32:11.000000,0.616462,p
757,RG.FOR.00,2024-03-02 06:32:12.550000,0.52454567,s
758,RG.FOR.00,2024-03-02 06:32:17.420000,0.8061347,p
759,RG.FOR.00,2024-03-02 06:32:19.100000,0.8807142,s
760,RG.FOR.00,2024-03-02 06:32:22.130000,0.3143893,p
761,RG.FOR.00,2024-03-02 06:32:23.520000,0.22689417,s
762,RG.FOR.00,2024-03-02 06:32:31.870000,0.6338542,s
763,RG.FOR.00,2024-03-02 06:32:39.000000,0.17671712,p
764,RG.FOR.00,2024-03-02 06:32:40.590000,0.102971755,s
765,RG.FOR.00,2024-03-02 06:32:40.630000,0.25722829,p
766,RG.FOR.00,2024-03-02 06:32:47.340000,0.9526783,p
767,RG.FOR.00,2024-03-02 06:32:48.240000,0.44884366,s
768,RG.FOR.00,2024-03-02 06:32:48.810000,0.88281786,s
769,RG.FOR.00,2024-03-02 06:32:49.730000,0.43307638,p
770,RG.FOR.00,2024-03-02 06:32:51.360000,0.7596113,s
771,RG.KEFF.00,2024-03-02 06:30:13.640000,0.2298845,p
772,RG.KEFF.00,2024-03-02 06:30:16.230000,0.4542161,p
773,RG.KEFF.00,2024-03-02 06:30:17.170000,0.3329036,p
774,RG.KEFF.00,2024-03-02 06:30:18.900000,0.5881092,s
775,RG.KEFF.00,2024-03-02 06:30:23.430000,0.7797968,p
776,RG.KEFF.00,2024-03-02 06:30:24.330000,0.18203722,s
777,RG.KEFF.00,2024-03-02 06:30:25.100000,0.11335584,s
778,RG.KEFF.00,2024-03-02 06:30:32.050000,0.69073343,p
779,RG.KEFF.00,2024-03-02 06:30:33.720000,0.22947052,s
780,RG.KEFF.00,2024-03-02 06:30:39.970000,0.59627855,p
781,RG.KEFF.00,2024-03-02 06:30:41.630000,0.6339512,s
782,RG.KEFF.00,2024-03-02 06:30:49.910000,0.42149943,p
783,RG.KEFF.00,2024-03-02 06:30:51.540000,0.48549396,s
784,RG.KEFF.00,2024-03-02 06:30:55.020000,0.6494431,p
785,RG.KEFF.00,2024-03-02 06:30:56.690000,0.21135196,s
786,RG.KEFF.00,2024-03-02 06:31:04.230000,0.13164884,p
787,RG.KEFF.00,2024-03-02 06:31:05.100000,0.11633443,p
788,RG.KEFF.00,2024-03-02 06:31:05.130000,0.139245,p
789,RG.KEFF.00,2024-03-02 06:31:05.180000,0.1122044,p
790,RG.KEFF.00,2024-03-02 06:31:11.850000,0.80776155,p
791,RG.KEFF.00,2024-03-02 06:31:13.680000,0.81463796,s
792,RG.KEFF.00,2024-03-02 06:31:32.810000,0.9588846,p
793,RG.KEFF.00,2024-03-02 06:31:34.560000,0.7331856,s
794,RG.KEFF.00,2024-03-02 06:31:49.450000,0.658115,p
795,RG.KEFF.00,2024-03-02 06:31:50.370000,0.14676923,s
796,RG.KEFF.00,2024-03-02 06:31:51.250000,0.7595307,s
797,RG.KEFF.00,2024-03-02 06:31:56.200000,0.5651082,p
798,RG.KEFF.00,2024-03-02 06:32:18.240000,0.7659016,p
799,RG.KEFF.00,2024-03-02 06:32:19.060000,0.110738814,s
800,RG.KEFF.00,2024-03-02 06:32:20.020000,0.57155776,s
801,RG.KEFF.00,2024-03-02 06:32:47.350000,0.51663494,p
802,RG.KEFF.00,2024-03-02 06:32:49.530000,0.3903745,s
803,RG.KEFF.00,2024-03-02 06:32:51.300000,0.2775594,s
804,RG.GUNS.00,2024-03-02 06:28:43.210000,0.3674261,s
805,RG.GUNS.00,2024-03-02 06:29:47.650000,0.5020197,p
806,RG.GUNS.00,2024-03-02 06:29:48.840000,0.49421573,s
807,RG.GUNS.00,2024-03-02 06:29:49.560000,0.15552828,s
808,RG.GUNS.00,2024-03-02 06:30:17.160000,0.122959174,s
809,RG.GUNS.00,2024-03-02 06:30:16.760000,0.43316525,p
810,RG.GUNS.00,2024-03-02 06:30:19.640000,0.44751778,s
811,RG.GUNS.00,2024-03-02 06:30:19.850000,0.13644065,p
812,RG.GUNS.00,2024-03-02 06:30:21.420000,0.11560163,s
813,RG.GUNS.00,2024-03-02 06:30:33.100000,0.3907959,p
814,RG.GUNS.00,2024-03-02 06:30:39.920000,0.10501704,p
815,RG.GUNS.00,2024-03-02 06:30:41.320000,0.1169723,s
816,RG.GUNS.00,2024-03-02 06:30:42.390000,0.32133496,s
817,RG.GUNS.00,2024-03-02 06:30:49.970000,0.51900053,p
818,RG.GUNS.00,2024-03-02 06:30:52.320000,0.4993321,s
819,RG.GUNS.00,2024-03-02 06:30:54.710000,0.1179832,p
820,RG.GUNS.00,2024-03-02 06:30:55.530000,0.48912784,p
821,RG.GUNS.00,2024-03-02 06:30:56.050000,0.21582215,p
822,RG.GUNS.00,2024-03-02 06:30:56.070000,0.337651,s
823,RG.GUNS.00,2024-03-02 06:30:57.430000,0.17076372,s
824,RG.GUNS.00,2024-03-02 06:31:12.230000,0.8382085,p
825,RG.GUNS.00,2024-03-02 06:31:14.430000,0.7301628,s
826,RG.GUNS.00,2024-03-02 06:31:32.790000,0.815976,p
827,RG.GUNS.00,2024-03-02 06:31:34.090000,0.7595339,s
828,RG.GUNS.00,2024-03-02 06:31:35.170000,0.6643223,s
829,RG.GUNS.00,2024-03-02 06:31:50.030000,0.5378518,p
830,RG.GUNS.00,2024-03-02 06:31:51.850000,0.1809275,s
831,RG.GUNS.00,2024-03-02 06:32:18.730000,0.20958963,p
832,RG.GUNS.00,2024-03-02 06:32:19.730000,0.1351585,s
833,RG.GUNS.00,2024-03-02 06:32:20.640000,0.14543173,s
834,RG.GUNS.00,2024-03-02 06:32:22.780000,0.17415054,s
835,RG.GUNS.00,2024-03-02 06:32:39.600000,0.15899627,p
836,RG.GUNS.00,2024-03-02 06:32:40.470000,0.18537517,s
837,RG.GUNS.00,2024-03-02 06:32:46.700000,0.15173604,p
838,RG.GUNS.00,2024-03-02 06:32:48.470000,0.4718223,p
839,RG.GUNS.00,2024-03-02 06:32:50.300000,0.69334465,s
840,RG.LAMP.00,2024-03-02 06:30:17.390000,0.47533074,p
841,RG.LAMP.00,2024-03-02 06:30:19.400000,0.74878615,s
842,RG.LAMP.00,2024-03-02 06:30:34.540000,0.12075045,p
843,RG.LAMP.00,2024-03-02 06:30:40.000000,0.39193958,p
844,RG.LAMP.00,2024-03-02 06:30:42.250000,0.43821856,s
845,RG.LAMP.00,2024-03-02 06:30:50.280000,0.5006586,p
846,RG.LAMP.00,2024-03-02 06:30:52.200000,0.5578452,s
847,RG.LAMP.00,2024-03-02 06:30:56.270000,0.11369399,p
848,RG.LAMP.00,2024-03-02 06:30:57.670000,0.29837033,s
849,RG.LAMP.00,2024-03-02 06:31:12.530000,0.5286588,p
850,RG.LAMP.00,2024-03-02 06:31:14.290000,0.8001472,s
851,RG.LAMP.00,2024-03-02 06:31:33.410000,0.919218,p
852,RG.LAMP.00,2024-03-02 06:31:35.480000,0.7153514,s
853,RG.LAMP.00,2024-03-02 06:31:50.060000,0.13899408,p
854,RG.LAMP.00,2024-03-02 06:31:51.360000,0.6638659,p
855,RG.LAMP.00,2024-03-02 06:31:51.690000,0.5796062,s
856,RG.LAMP.00,2024-03-02 06:32:19.510000,0.39417905,p
857,RG.LAMP.00,2024-03-02 06:32:20.540000,0.59921616,s
858,RG.LAMP.00,2024-03-02 06:32:48.220000,0.7201049,p
859,RG.LAMP.00,2024-03-02 06:32:50.150000,0.55609,s
